Country Name,Country Code,Indicator Name,Indicator Code,1960,1961,1962,1963,1964,1965,1966,1967,1968,1969,1970,1971,1972,1973,1974,1975,1976,1977,1978,1979,1980,1981,1982,1983,1984,1985,1986,1987,1988,1989,1990,1991,1992,1993,1994,1995,1996,1997,1998,1999,2000,2001,2002,2003,2004,2005,2006,2007,2008,2009,2010,2011,2012,2013,2014,2015,2016,2017,2018,
Aruba,ABW,Poverty headcount ratio at $5.50 a day (2011 PPP) (% of population),SI.POV.UMIC,,,,,,,,,,,,,,,,,,,,,,,,,,,,,,,,,,,,,,,,,,,,,,,,,,,,,,,,,,,,
Afghanistan,AFG,Poverty headcount ratio at $5.50 a day (2011 PPP) (% of population),SI.POV.UMIC,,,,,,,,,,,,,,,,,,,,,,,,,,,,,,,,,,,,,,,,,,,,,,,,,,,,,,,,,,,,
Angola,AGO,Poverty headcount ratio at $5.50 a day (2011 PPP) (% of population),SI.POV.UMIC,,,,,,,,,,,,,,,,,,,,,,,,,,,,,,,,,,,,,,,,,78.1,,,,,,,,79.4,,,,,,,,,,,
Albania,ALB,Poverty headcount ratio at $5.50 a day (2011 PPP) (% of population),SI.POV.UMIC,,,,,,,,,,,,,,,,,,,,,,,,,,,,,,,,,,,,,51.5,,,,,,54.1,,,42.6,,,35.8,,,,39.1,,,,,,,
Andorra,AND,Poverty headcount ratio at $5.50 a day (2011 PPP) (% of population),SI.POV.UMIC,,,,,,,,,,,,,,,,,,,,,,,,,,,,,,,,,,,,,,,,,,,,,,,,,,,,,,,,,,,,
Arab World,ARB,Poverty headcount ratio at $5.50 a day (2011 PPP) (% of population),SI.POV.UMIC,,,,,,,,,,,,,,,,,,,,,,,,,,,,,,,,,,,,,,,,,,,,,,,,,,,,,,,,,,,,
United Arab Emirates,ARE,Poverty headcount ratio at $5.50 a day (2011 PPP) (% of population),SI.POV.UMIC,,,,,,,,,,,,,,,,,,,,,,,,,,,,,,,,,,,,,,,,,,,,,,,,,,,,,,,,,,,,
Argentina,ARG,Poverty headcount ratio at $5.50 a day (2011 PPP) (% of population),SI.POV.UMIC,,,,,,,,,,,,,,,,,,,,,5.5,,,,,,4.9,8.3,,,,14.2,14.9,15,15.7,20.5,22.3,21.3,23.2,24.2,26.3,31,44.2,30.3,25.9,21.7,17.5,16.6,14.9,13.8,11.1,8.9,8.5,8.3,9.1,,7.8,7.1,,
Armenia,ARM,Poverty headcount ratio at $5.50 a day (2011 PPP) (% of population),SI.POV.UMIC,,,,,,,,,,,,,,,,,,,,,,,,,,,,,,,,,,,,,,,,83.2,,84.4,83.5,83,74.4,68.7,64,57.1,53.6,62.1,63.4,60.8,56.5,54.6,52.3,48.3,43.5,50,,
American Samoa,ASM,Poverty headcount ratio at $5.50 a day (2011 PPP) (% of population),SI.POV.UMIC,,,,,,,,,,,,,,,,,,,,,,,,,,,,,,,,,,,,,,,,,,,,,,,,,,,,,,,,,,,,
Antigua and Barbuda,ATG,Poverty headcount ratio at $5.50 a day (2011 PPP) (% of population),SI.POV.UMIC,,,,,,,,,,,,,,,,,,,,,,,,,,,,,,,,,,,,,,,,,,,,,,,,,,,,,,,,,,,,
Australia,AUS,Poverty headcount ratio at $5.50 a day (2011 PPP) (% of population),SI.POV.UMIC,,,,,,,,,,,,,,,,,,,,,,1.7,,,,1.7,,,,1.5,,,,,,1.7,,,,,,1.5,,1.5,1,,,,0.7,,0.7,,,,1.2,,,,,
Austria,AUT,Poverty headcount ratio at $5.50 a day (2011 PPP) (% of population),SI.POV.UMIC,,,,,,,,,,,,,,,,,,,,,,,,,,,,,,,,,,,,,,,,,,,,0.5,0.2,0.5,0.5,0.7,1,1,0.7,1,1,0.5,0.7,0.9,,,,
Azerbaijan,AZE,Poverty headcount ratio at $5.50 a day (2011 PPP) (% of population),SI.POV.UMIC,,,,,,,,,,,,,,,,,,,,,,,,,,,,,,,,,,,,62.5,,,,,,53,17.9,18.8,15.3,8.2,,,,,,,,,,,,,,
Burundi,BDI,Poverty headcount ratio at $5.50 a day (2011 PPP) (% of population),SI.POV.UMIC,,,,,,,,,,,,,,,,,,,,,,,,,,,,,,,,,98.9,,,,,,98,,,,,,,,98.3,,,,,,,96.8,,,,,,
Belgium,BEL,Poverty headcount ratio at $5.50 a day (2011 PPP) (% of population),SI.POV.UMIC,,,,,,,,,,,,,,,,,,,,,,,,,,,,,,,,,,,,,,,,,,,,0.7,0.2,0.5,0.5,0.2,0.2,0.2,0.5,0.5,0.5,0.5,0.2,0.2,,,,
Benin,BEN,Poverty headcount ratio at $5.50 a day (2011 PPP) (% of population),SI.POV.UMIC,,,,,,,,,,,,,,,,,,,,,,,,,,,,,,,,,,,,,,,,,,,,93,,,,,,,,90,,,,90.6,,,,
Burkina Faso,BFA,Poverty headcount ratio at $5.50 a day (2011 PPP) (% of population),SI.POV.UMIC,,,,,,,,,,,,,,,,,,,,,,,,,,,,,,,,,,,97.2,,,,96.3,,,,,93.1,,,,,,94.2,,,,,92.3,,,,,
Bangladesh,BGD,Poverty headcount ratio at $5.50 a day (2011 PPP) (% of population),SI.POV.UMIC,,,,,,,,,,,,,,,,,,,,,,,,95.9,,94.1,,,95.5,,,96.9,,,,92.7,,,,,91.6,,,,,89.3,,,,,87.7,,,,,,84.5,,,
Bulgaria,BGR,Poverty headcount ratio at $5.50 a day (2011 PPP) (% of population),SI.POV.UMIC,,,,,,,,,,,,,,,,,,,,,,,,,,,,,,,,,0.7,,,,,,,,,,,,,,22.5,11.5,8.5,8.4,11,11.2,11,11.2,8.7,,,,,
Bahrain,BHR,Poverty headcount ratio at $5.50 a day (2011 PPP) (% of population),SI.POV.UMIC,,,,,,,,,,,,,,,,,,,,,,,,,,,,,,,,,,,,,,,,,,,,,,,,,,,,,,,,,,,,
Bahamas,BHS,Poverty headcount ratio at $5.50 a day (2011 PPP) (% of population),SI.POV.UMIC,,,,,,,,,,,,,,,,,,,,,,,,,,,,,,,,,,,,,,,,,,,,,,,,,,,,,,,,,,,,
Bosnia and Herzegovina,BIH,Poverty headcount ratio at $5.50 a day (2011 PPP) (% of population),SI.POV.UMIC,,,,,,,,,,,,,,,,,,,,,,,,,,,,,,,,,,,,,,,,,,8.8,,,4.1,,,2.9,,,,3.9,,,,,,,,
Belarus,BLR,Poverty headcount ratio at $5.50 a day (2011 PPP) (% of population),SI.POV.UMIC,,,,,,,,,,,,,,,,,,,,,,,,,,,,,,,,,,,,,,,75.8,71.4,65.2,49,42,38.3,26.8,16.6,11.3,7.2,5.3,5,3.4,2.5,1.1,0.7,0.4,0.9,0.7,0.8,,
Belize,BLZ,Poverty headcount ratio at $5.50 a day (2011 PPP) (% of population),SI.POV.UMIC,,,,,,,,,,,,,,,,,,,,,,,,,,,,,,,,,,49.4,52.5,,57.8,57.9,56.4,53,,,,,,,,,,,,,,,,,,,,
Bermuda,BMU,Poverty headcount ratio at $5.50 a day (2011 PPP) (% of population),SI.POV.UMIC,,,,,,,,,,,,,,,,,,,,,,,,,,,,,,,,,,,,,,,,,,,,,,,,,,,,,,,,,,,,
Bolivia,BOL,Poverty headcount ratio at $5.50 a day (2011 PPP) (% of population),SI.POV.UMIC,,,,,,,,,,,,,,,,,,,,,,,,,,,,,,,49.7,,,,,,,52.6,,54.8,62.1,57.4,59.6,,53.1,52.1,48.1,46.4,39.2,35.1,,28.3,28.3,26,24.9,25.6,25,24.7,,
Brazil,BRA,Poverty headcount ratio at $5.50 a day (2011 PPP) (% of population),SI.POV.UMIC,,,,,,,,,,,,,,,,,,,,,,60.3,60,66.6,66.6,61.5,42.4,52.9,55,52.2,57.8,,58.2,56.8,,45,45.7,45.7,44.6,45.9,,41.3,40.4,41.7,40.3,38.1,34.2,32.1,28.9,27.4,,24,20.8,19.5,17.9,19.4,20.7,21,,
Barbados,BRB,Poverty headcount ratio at $5.50 a day (2011 PPP) (% of population),SI.POV.UMIC,,,,,,,,,,,,,,,,,,,,,,,,,,,,,,,,,,,,,,,,,,,,,,,,,,,,,,,,,,,,
Brunei Darussalam,BRN,Poverty headcount ratio at $5.50 a day (2011 PPP) (% of population),SI.POV.UMIC,,,,,,,,,,,,,,,,,,,,,,,,,,,,,,,,,,,,,,,,,,,,,,,,,,,,,,,,,,,,
Bhutan,BTN,Poverty headcount ratio at $5.50 a day (2011 PPP) (% of population),SI.POV.UMIC,,,,,,,,,,,,,,,,,,,,,,,,,,,,,,,,,,,,,,,,,,,,72.8,,,,61.3,,,,,43.9,,,,,38.6,,
Botswana,BWA,Poverty headcount ratio at $5.50 a day (2011 PPP) (% of population),SI.POV.UMIC,,,,,,,,,,,,,,,,,,,,,,,,,,81.6,,,,,,,,76,,,,,,,,,66.7,,,,,,,57.5,,,,,,60.4,,,,
Central African Republic,CAF,Poverty headcount ratio at $5.50 a day (2011 PPP) (% of population),SI.POV.UMIC,,,,,,,,,,,,,,,,,,,,,,,,,,,,,,,,,96.8,,,,,,,,,,,95.3,,,,,92.8,,,,,,,,,,,
Canada,CAN,Poverty headcount ratio at $5.50 a day (2011 PPP) (% of population),SI.POV.UMIC,,,,,,,,,,,,,,,,,,,,,,1.2,,,,,,0.7,,,,0.5,,,0.5,,,1,1,,0.7,,,,0.7,,,0.5,,,0.5,,,1,,,,,,
Central Europe and the Baltics,CEB,Poverty headcount ratio at $5.50 a day (2011 PPP) (% of population),SI.POV.UMIC,,,,,,,,,,,,,,,,,,,,,,,,,,,,,,,,,,,,,,,,,,,,,,,,,,,,,,,,,,,,
Switzerland,CHE,Poverty headcount ratio at $5.50 a day (2011 PPP) (% of population),SI.POV.UMIC,,,,,,,,,,,,,,,,,,,,,,,,,,,,,,,,,,,,,,,,,,,,,,,0.5,0.2,0.2,0.2,0.2,0,0,0,0,0,,,,
Channel Islands,CHI,Poverty headcount ratio at $5.50 a day (2011 PPP) (% of population),SI.POV.UMIC,,,,,,,,,,,,,,,,,,,,,,,,,,,,,,,,,,,,,,,,,,,,,,,,,,,,,,,,,,,,
Chile,CHL,Poverty headcount ratio at $5.50 a day (2011 PPP) (% of population),SI.POV.UMIC,,,,,,,,,,,,,,,,,,,,,,,,,,,,52.8,,,46.1,,39.8,,36.9,,31.2,,29.1,,31,,,30.3,,,23.3,,,20.5,,16.4,,10.1,,10.1,,6.4,,
China,CHN,Poverty headcount ratio at $5.50 a day (2011 PPP) (% of population),SI.POV.UMIC,,,,,,,,,,,,,,,,,,,,,,,,,,,,,,,98.3,,,96.3,,,92.3,,,88.9,,,80.6,,,70.5,,,60.6,,53.4,49.2,44.3,36.3,31.5,27.2,,,,
Cote d'Ivoire,CIV,Poverty headcount ratio at $5.50 a day (2011 PPP) (% of population),SI.POV.UMIC,,,,,,,,,,,,,,,,,,,,,,,,,,45.9,50.1,56.5,67.3,,,,77.6,,,78.4,,,82.1,,,,81,,,,,,80.8,,,,,,,82.3,,,,
Cameroon,CMR,Poverty headcount ratio at $5.50 a day (2011 PPP) (% of population),SI.POV.UMIC,,,,,,,,,,,,,,,,,,,,,,,,,,,,,,,,,,,,,88.7,,,,,79.5,,,,,,79.6,,,,,,,68.9,,,,,
Congo Dem. Rep.,COD,Poverty headcount ratio at $5.50 a day (2011 PPP) (% of population),SI.POV.UMIC,,,,,,,,,,,,,,,,,,,,,,,,,,,,,,,,,,,,,,,,,,,,,99.7,,,,,,,,97.7,,,,,,,
Congo Rep.,COG,Poverty headcount ratio at $5.50 a day (2011 PPP) (% of population),SI.POV.UMIC,,,,,,,,,,,,,,,,,,,,,,,,,,,,,,,,,,,,,,,,,,,,,,89.4,,,,,,82.4,,,,,,,,
Colombia,COL,Poverty headcount ratio at $5.50 a day (2011 PPP) (% of population),SI.POV.UMIC,,,,,,,,,,,,,,,,,,,,,,,,,,,,,,,,,47,,,,55.2,,,58.3,53.7,60.5,53.2,50.9,50.8,46.7,,,42.3,41.1,38.3,35.2,34,32,29.8,28.7,28.5,27.6,,
Comoros,COM,Poverty headcount ratio at $5.50 a day (2011 PPP) (% of population),SI.POV.UMIC,,,,,,,,,,,,,,,,,,,,,,,,,,,,,,,,,,,,,,,,,,,,,61.6,,,,,,,,,62.7,,,,,,
Cabo Verde,CPV,Poverty headcount ratio at $5.50 a day (2011 PPP) (% of population),SI.POV.UMIC,,,,,,,,,,,,,,,,,,,,,,,,,,,,,,,,,,,,,,,,,,63,,,,,,53.1,,,,,,,,,,,,
Costa Rica,CRI,Poverty headcount ratio at $5.50 a day (2011 PPP) (% of population),SI.POV.UMIC,,,,,,,,,,,,,,,,,,,,,,65.5,,,,,54.7,,,42.4,39.9,44.5,41,35,30.2,31.8,34.9,32.2,27.2,30,30,23.2,22.3,21.8,22.6,20.3,20,15.9,15.5,15.2,12.9,13.2,12.3,12.3,11.9,11.5,10.7,9.7,,
Caribbean small states,CSS,Poverty headcount ratio at $5.50 a day (2011 PPP) (% of population),SI.POV.UMIC,,,,,,,,,,,,,,,,,,,,,,,,,,,,,,,,,,,,,,,,,,,,,,,,,,,,,,,,,,,,
Cuba,CUB,Poverty headcount ratio at $5.50 a day (2011 PPP) (% of population),SI.POV.UMIC,,,,,,,,,,,,,,,,,,,,,,,,,,,,,,,,,,,,,,,,,,,,,,,,,,,,,,,,,,,,
Curacao,CUW,Poverty headcount ratio at $5.50 a day (2011 PPP) (% of population),SI.POV.UMIC,,,,,,,,,,,,,,,,,,,,,,,,,,,,,,,,,,,,,,,,,,,,,,,,,,,,,,,,,,,,
Cayman Islands,CYM,Poverty headcount ratio at $5.50 a day (2011 PPP) (% of population),SI.POV.UMIC,,,,,,,,,,,,,,,,,,,,,,,,,,,,,,,,,,,,,,,,,,,,,,,,,,,,,,,,,,,,
Cyprus,CYP,Poverty headcount ratio at $5.50 a day (2011 PPP) (% of population),SI.POV.UMIC,,,,,,,,,,,,,,,,,,,,,,,,,,,,,,,,,,,,,,,,,,,,,0.2,0,0,0,0,0.2,0.2,0.2,0,0.2,0.2,0.2,,,,
Czech Republic,CZE,Poverty headcount ratio at $5.50 a day (2011 PPP) (% of population),SI.POV.UMIC,,,,,,,,,,,,,,,,,,,,,,,,,,,,,,,,,,0.4,,,0.8,,,,,,,,1.2,0.7,0.7,0.5,0.5,0.7,0.7,0.7,0.7,0.4,0.7,0.4,,,,
Germany,DEU,Poverty headcount ratio at $5.50 a day (2011 PPP) (% of population),SI.POV.UMIC,,,,,,,,,,,,,,,,,,,,,,,,,,,,,,,,0.2,,,0.5,0.5,,,0.2,,0.2,0.2,1.2,0.2,0.2,0.2,0,0.2,0.2,0.2,0.2,0.2,,0.2,,0.2,,,,
Djibouti,DJI,Poverty headcount ratio at $5.50 a day (2011 PPP) (% of population),SI.POV.UMIC,,,,,,,,,,,,,,,,,,,,,,,,,,,,,,,,,,,,,,,,,,,77.1,,,,,,,,,,68.6,75,,,,70.6,,
Dominica,DMA,Poverty headcount ratio at $5.50 a day (2011 PPP) (% of population),SI.POV.UMIC,,,,,,,,,,,,,,,,,,,,,,,,,,,,,,,,,,,,,,,,,,,,,,,,,,,,,,,,,,,,
Denmark,DNK,Poverty headcount ratio at $5.50 a day (2011 PPP) (% of population),SI.POV.UMIC,,,,,,,,,,,,,,,,,,,,,,,,,,,,,,,,,,,,,,,,,,,,0.5,0.5,0.5,0.2,0.5,0.7,1,0.2,0.7,0.2,0.7,0.7,0.5,,,,
Dominican Republic,DOM,Poverty headcount ratio at $5.50 a day (2011 PPP) (% of population),SI.POV.UMIC,,,,,,,,,,,,,,,,,,,,,,,,,,,28.4,,,54.7,,,40.7,,,,32,29.6,,,30.2,30.1,30.6,38.5,45.7,36.8,33.6,33.3,34.4,31.7,31.7,31,30.7,29.8,25.1,21.7,19.9,,,
Algeria,DZA,Poverty headcount ratio at $5.50 a day (2011 PPP) (% of population),SI.POV.UMIC,,,,,,,,,,,,,,,,,,,,,,,,,,,,,57.6,,,,,,,55.1,,,,,,,,,,,,,,,,29.2,,,,,,,,
East Asia & Pacific (excluding high income),EAP,Poverty headcount ratio at $5.50 a day (2011 PPP) (% of population),SI.POV.UMIC,,,,,,,,,,,,,,,,,,,,,,,,,,,,,,,,,,,,,,,,,,,,,,,,,,,,,,,,,,,,
Early-demographic dividend,EAR,Poverty headcount ratio at $5.50 a day (2011 PPP) (% of population),SI.POV.UMIC,,,,,,,,,,,,,,,,,,,,,,,,,,,,,,,,,,,,,,,,,,,,,,,,,,,,,,,,,,,,
East Asia & Pacific,EAS,Poverty headcount ratio at $5.50 a day (2011 PPP) (% of population),SI.POV.UMIC,,,,,,,,,,,,,,,,,,,,,,97.1,,,96.8,,,96.1,,,95.2,,,93.2,,,89.3,,,86.9,,,79.8,,,71.6,,,63.7,,56.1,52.3,48.6,42.4,,34.8,,,,
Europe & Central Asia (excluding high income),ECA,Poverty headcount ratio at $5.50 a day (2011 PPP) (% of population),SI.POV.UMIC,,,,,,,,,,,,,,,,,,,,,,,,,,,,,,,,,,,,,,,,,,,,,,,,,,,,,,,,,,,,
Europe & Central Asia,ECS,Poverty headcount ratio at $5.50 a day (2011 PPP) (% of population),SI.POV.UMIC,,,,,,,,,,,,,,,,,,,,,,,,,,,,,,,,,,36.4,,,41.6,,,44.7,,,35,,,26.5,,,17.1,,16.4,15.4,15,14,,14,,,,
Ecuador,ECU,Poverty headcount ratio at $5.50 a day (2011 PPP) (% of population),SI.POV.UMIC,,,,,,,,,,,,,,,,,,,,,,,,,,,,55.2,,,,,,,60.7,,,,60.8,63.4,72.7,,,53.3,54.6,46.9,41.2,40.4,38.2,38.2,34.3,30.2,27.5,26.9,23.8,24.7,23.9,23.2,,
Egypt,EGY,Poverty headcount ratio at $5.50 a day (2011 PPP) (% of population),SI.POV.UMIC,,,,,,,,,,,,,,,,,,,,,,,,,,,,,,,77.1,,,,,80,,,,68.1,,,,,75.8,,,,75.3,,72.5,,70.3,,,61.9,,,,
Euro area,EMU,Poverty headcount ratio at $5.50 a day (2011 PPP) (% of population),SI.POV.UMIC,,,,,,,,,,,,,,,,,,,,,,,,,,,,,,,,,,,,,,,,,,,,,,,,,,,,,,,,,,,,
Eritrea,ERI,Poverty headcount ratio at $5.50 a day (2011 PPP) (% of population),SI.POV.UMIC,,,,,,,,,,,,,,,,,,,,,,,,,,,,,,,,,,,,,,,,,,,,,,,,,,,,,,,,,,,,
Spain,ESP,Poverty headcount ratio at $5.50 a day (2011 PPP) (% of population),SI.POV.UMIC,,,,,,,,,,,,,,,,,,,,,,,,,,,,,,,,,,,,,,,,,,,,2,2,2.1,2.2,1.5,1.7,2.2,2.2,2.7,2.9,3.2,2.9,3.2,,,,
Estonia,EST,Poverty headcount ratio at $5.50 a day (2011 PPP) (% of population),SI.POV.UMIC,,,,,,,,,,,,,,,,,,,,,,,,,,,,,,,,,,25.5,,,,,,,,,,13.5,9.2,6,3.7,2.5,2.2,3.2,4.2,3.7,3.7,3.7,3.2,2,,,,
Ethiopia,ETH,Poverty headcount ratio at $5.50 a day (2011 PPP) (% of population),SI.POV.UMIC,,,,,,,,,,,,,,,,,,,,,,,,,,,,,,,,,,,,96.4,,,,97.6,,,,,95.6,,,,,,93.1,,,,,85,,,,
European Union,EUU,Poverty headcount ratio at $5.50 a day (2011 PPP) (% of population),SI.POV.UMIC,,,,,,,,,,,,,,,,,,,,,,,,,,,,,,,,,,,,,,,,,,,,,,,,,,,,,,,,,,,,
Fragile and conflict affected situations,FCS,Poverty headcount ratio at $5.50 a day (2011 PPP) (% of population),SI.POV.UMIC,,,,,,,,,,,,,,,,,,,,,,83.1,,,85.1,,,85.6,,,86.1,,,88.4,,,87.2,,,84.2,,,84.8,,,84.4,,,82.2,,80.1,80.1,79.3,78.9,,78.8,,,,
Finland,FIN,Poverty headcount ratio at $5.50 a day (2011 PPP) (% of population),SI.POV.UMIC,,,,,,,,,,,,,,,,,,,,,,,,,,,,,,,,,,,,,,,,,,,,0.2,0.2,0.2,0.2,0.2,0.2,0.2,0.2,0,0.2,0.2,0.2,0.2,,,,
Fiji,FJI,Poverty headcount ratio at $5.50 a day (2011 PPP) (% of population),SI.POV.UMIC,,,,,,,,,,,,,,,,,,,,,,,,,,,,,,,,,,,,,,,,,,,53.8,,,,,,50.9,,,,,48.6,,,,,,
France,FRA,Poverty headcount ratio at $5.50 a day (2011 PPP) (% of population),SI.POV.UMIC,,,,,,,,,,,,,,,,,,,,,,,,,,,,,,,,,,,,,,,,,,,,0.2,0.2,0.2,0.2,0,0,0.2,0.2,0.2,0.2,0.2,0.2,0.2,,,,
Faroe Islands,FRO,Poverty headcount ratio at $5.50 a day (2011 PPP) (% of population),SI.POV.UMIC,,,,,,,,,,,,,,,,,,,,,,,,,,,,,,,,,,,,,,,,,,,,,,,,,,,,,,,,,,,,
Micronesia,FSM,Poverty headcount ratio at $5.50 a day (2011 PPP) (% of population),SI.POV.UMIC,,,,,,,,,,,,,,,,,,,,,,,,,,,,,,,,,,,,,,,,,,,,,,51.6,,,,,,,,69.1,,,,,,
Gabon,GAB,Poverty headcount ratio at $5.50 a day (2011 PPP) (% of population),SI.POV.UMIC,,,,,,,,,,,,,,,,,,,,,,,,,,,,,,,,,,,,,,,,,,,,,,56.1,,,,,,,,,,,,32.2,,
United Kingdom,GBR,Poverty headcount ratio at $5.50 a day (2011 PPP) (% of population),SI.POV.UMIC,,,,,,,,,,,,,,,,,,,,,,,,,,,,,,,,,,,,,,,,,,,,,1.2,1,0.7,0.7,1,0.5,0.7,0.7,0.4,0.5,0.5,0.7,,,,
Georgia,GEO,Poverty headcount ratio at $5.50 a day (2011 PPP) (% of population),SI.POV.UMIC,,,,,,,,,,,,,,,,,,,,,,,,,,,,,,,,,,,,,41.1,64.9,64.7,72.2,74.1,76.5,63.2,62.8,59.3,61.7,62.6,64.9,60.5,60.3,61.2,59.5,55.4,49.9,46.2,45.3,44,43.6,,
Ghana,GHA,Poverty headcount ratio at $5.50 a day (2011 PPP) (% of population),SI.POV.UMIC,,,,,,,,,,,,,,,,,,,,,,,,,,,,94,92.8,,,93.1,,,,,,,85.4,,,,,,,77.1,,,,,,,60.5,,,,56.9,,,
Gibraltar,GIB,Poverty headcount ratio at $5.50 a day (2011 PPP) (% of population),SI.POV.UMIC,,,,,,,,,,,,,,,,,,,,,,,,,,,,,,,,,,,,,,,,,,,,,,,,,,,,,,,,,,,,
Guinea,GIN,Poverty headcount ratio at $5.50 a day (2011 PPP) (% of population),SI.POV.UMIC,,,,,,,,,,,,,,,,,,,,,,,,,,,,,,,,100,,,89.2,,,,,,,,94.9,,,,,94.7,,,,,92.3,,,,,,,
Gambia,GMB,Poverty headcount ratio at $5.50 a day (2011 PPP) (% of population),SI.POV.UMIC,,,,,,,,,,,,,,,,,,,,,,,,,,,,,,,,,,,,,,,95.2,,,,,86.8,,,,,,,80.4,,,,,72.5,,,,
Guinea-Bissau,GNB,Poverty headcount ratio at $5.50 a day (2011 PPP) (% of population),SI.POV.UMIC,,,,,,,,,,,,,,,,,,,,,,,,,,,,,,,,81.2,,95.3,,,,,,,,,95.8,,,,,,,,93.4,,,,,,,,,
Equatorial Guinea,GNQ,Poverty headcount ratio at $5.50 a day (2011 PPP) (% of population),SI.POV.UMIC,,,,,,,,,,,,,,,,,,,,,,,,,,,,,,,,,,,,,,,,,,,,,,,,,,,,,,,,,,,,
Greece,GRC,Poverty headcount ratio at $5.50 a day (2011 PPP) (% of population),SI.POV.UMIC,,,,,,,,,,,,,,,,,,,,,,,,,,,,,,,,,,,,,,,,,,,,1.5,1.7,1.5,2,1.7,1.2,1.5,2.2,4.7,6.2,7,7,6.7,,,,
Grenada,GRD,Poverty headcount ratio at $5.50 a day (2011 PPP) (% of population),SI.POV.UMIC,,,,,,,,,,,,,,,,,,,,,,,,,,,,,,,,,,,,,,,,,,,,,,,,,,,,,,,,,,,,
Greenland,GRL,Poverty headcount ratio at $5.50 a day (2011 PPP) (% of population),SI.POV.UMIC,,,,,,,,,,,,,,,,,,,,,,,,,,,,,,,,,,,,,,,,,,,,,,,,,,,,,,,,,,,,
Guatemala,GTM,Poverty headcount ratio at $5.50 a day (2011 PPP) (% of population),SI.POV.UMIC,,,,,,,,,,,,,,,,,,,,,,,,,,,84.8,,,72.8,,,,,,,,,49.9,,44.8,,,,,,43.4,,,,,,,,48.8,,,,,
Guam,GUM,Poverty headcount ratio at $5.50 a day (2011 PPP) (% of population),SI.POV.UMIC,,,,,,,,,,,,,,,,,,,,,,,,,,,,,,,,,,,,,,,,,,,,,,,,,,,,,,,,,,,,
Guyana,GUY,Poverty headcount ratio at $5.50 a day (2011 PPP) (% of population),SI.POV.UMIC,,,,,,,,,,,,,,,,,,,,,,,,,,,,,,,,,85.4,,,,,,56.4,,,,,,,,,,,,,,,,,,,,,
High income,HIC,Poverty headcount ratio at $5.50 a day (2011 PPP) (% of population),SI.POV.UMIC,,,,,,,,,,,,,,,,,,,,,,4.1,,,3.8,,,3.3,,,3.3,,,4,,,5.1,,,3.2,,,4,,,2.9,,,2.2,,2.2,2.2,2.1,2.1,,2,,,,
Hong Kong,HKG,Poverty headcount ratio at $5.50 a day (2011 PPP) (% of population),SI.POV.UMIC,,,,,,,,,,,,,,,,,,,,,,,,,,,,,,,,,,,,,,,,,,,,,,,,,,,,,,,,,,,,
Honduras,HND,Poverty headcount ratio at $5.50 a day (2011 PPP) (% of population),SI.POV.UMIC,,,,,,,,,,,,,,,,,,,,,,,,,,,,,,79.6,81.7,78.3,75.4,68.4,68.4,69.7,71.7,63.8,63.6,65.2,,55,60.3,63.9,63.2,60.8,55.2,52.9,49.9,46.8,49.9,52.3,57.1,55.3,53.9,53.8,50.4,52.6,,
Heavily indebted poor countries (HIPC),HPC,Poverty headcount ratio at $5.50 a day (2011 PPP) (% of population),SI.POV.UMIC,,,,,,,,,,,,,,,,,,,,,,,,,,,,,,,,,,,,,,,,,,,,,,,,,,,,,,,,,,,,
Croatia,HRV,Poverty headcount ratio at $5.50 a day (2011 PPP) (% of population),SI.POV.UMIC,,,,,,,,,,,,,,,,,,,,,,,,,,,,,0,,,,,,,,,,,,,,,,,,,,,4.7,6.2,7,7.2,7.2,6.2,5.5,,,,
Haiti,HTI,Poverty headcount ratio at $5.50 a day (2011 PPP) (% of population),SI.POV.UMIC,,,,,,,,,,,,,,,,,,,,,,,,,,,,,,,,,,,,,,,,,,,,,,,,,,,,,78.9,,,,,,,
Hungary,HUN,Poverty headcount ratio at $5.50 a day (2011 PPP) (% of population),SI.POV.UMIC,,,,,,,,,,,,,,,,,,,,,,,,,,,,0.3,,12.2,,,,2.1,,,,,,,,,,,3,4.7,2,1.7,1.5,1.5,2.5,2.7,4.5,4.5,3.2,2.7,,,,
IBRD only,IBD,Poverty headcount ratio at $5.50 a day (2011 PPP) (% of population),SI.POV.UMIC,,,,,,,,,,,,,,,,,,,,,,,,,,,,,,,,,,,,,,,,,,,,,,,,,,,,,,,,,,,,
IDA & IBRD total,IBT,Poverty headcount ratio at $5.50 a day (2011 PPP) (% of population),SI.POV.UMIC,,,,,,,,,,,,,,,,,,,,,,,,,,,,,,,,,,,,,,,,,,,,,,,,,,,,,,,,,,,,
IDA total,IDA,Poverty headcount ratio at $5.50 a day (2011 PPP) (% of population),SI.POV.UMIC,,,,,,,,,,,,,,,,,,,,,,89.1,,,90.4,,,90.6,,,91.1,,,92.2,,,91.2,,,91.1,,,91.3,,,89.4,,,87.5,,86.5,85.9,85,84.3,,83,,,,
IDA blend,IDB,Poverty headcount ratio at $5.50 a day (2011 PPP) (% of population),SI.POV.UMIC,,,,,,,,,,,,,,,,,,,,,,,,,,,,,,,,,,,,,,,,,,,,,,,,,,,,,,,,,,,,
Indonesia,IDN,Poverty headcount ratio at $5.50 a day (2011 PPP) (% of population),SI.POV.UMIC,,,,,,,,,,,,,,,,,,,,,,,,,98.2,,,98.3,,,96.8,,,96.6,,,94.1,,97.9,95.5,95.7,94.8,89.7,88.6,88.6,87.5,89.3,84.7,84.8,83.7,77.8,74.4,73.5,71,69,67,62.4,58.7,,
IDA only,IDX,Poverty headcount ratio at $5.50 a day (2011 PPP) (% of population),SI.POV.UMIC,,,,,,,,,,,,,,,,,,,,,,,,,,,,,,,,,,,,,,,,,,,,,,,,,,,,,,,,,,,,
Isle of Man,IMN,Poverty headcount ratio at $5.50 a day (2011 PPP) (% of population),SI.POV.UMIC,,,,,,,,,,,,,,,,,,,,,,,,,,,,,,,,,,,,,,,,,,,,,,,,,,,,,,,,,,,,
India,IND,Poverty headcount ratio at $5.50 a day (2011 PPP) (% of population),SI.POV.UMIC,,,,,,,,,,,,,,,,,,97,,,,,,96.4,,,,95.5,,,,,,95.3,,,,,,,,,,,92.5,,,,,90.6,,86.8,,,,,,,,
Not classified,INX,Poverty headcount ratio at $5.50 a day (2011 PPP) (% of population),SI.POV.UMIC,,,,,,,,,,,,,,,,,,,,,,,,,,,,,,,,,,,,,,,,,,,,,,,,,,,,,,,,,,,,
Ireland,IRL,Poverty headcount ratio at $5.50 a day (2011 PPP) (% of population),SI.POV.UMIC,,,,,,,,,,,,,,,,,,,,,,,,,,,,,,,,,,,,,,,,,,,,0.2,0.2,0.2,0.5,0.5,0.7,1.2,1.5,1.2,1,1.5,1,0.7,,,,
Iran,IRN,Poverty headcount ratio at $5.50 a day (2011 PPP) (% of population),SI.POV.UMIC,,,,,,,,,,,,,,,,,,,,,,,,,,,42.7,,,,42.2,,,,37.9,,,,33.5,,,,,,,13.6,14.6,,,13.1,,,,8.1,10.5,11,11.6,,,
Iraq,IRQ,Poverty headcount ratio at $5.50 a day (2011 PPP) (% of population),SI.POV.UMIC,,,,,,,,,,,,,,,,,,,,,,,,,,,,,,,,,,,,,,,,,,,,,,,62.2,,,,,,57.3,,,,,,,
Iceland,ISL,Poverty headcount ratio at $5.50 a day (2011 PPP) (% of population),SI.POV.UMIC,,,,,,,,,,,,,,,,,,,,,,,,,,,,,,,,,,,,,,,,,,,,0.2,0.2,0.2,0.5,0.2,0.2,0.2,0.2,0.4,0.2,0.2,0.2,,,,,
Israel,ISR,Poverty headcount ratio at $5.50 a day (2011 PPP) (% of population),SI.POV.UMIC,,,,,,,,,,,,,,,,,,,,5.2,,,,,,,6.2,,,,,,2.2,,,,,3.2,,,,2.5,,,,6,,4.7,,,4.2,,4.5,,3.5,,2.7,,,
Italy,ITA,Poverty headcount ratio at $5.50 a day (2011 PPP) (% of population),SI.POV.UMIC,,,,,,,,,,,,,,,,,,,,,,,,,,,,,,,,,,,,,,,,,,,,1.7,1.5,1.7,1.5,1.5,1.7,1.7,2.5,2.5,3,3,2.7,3.5,,,,
Jamaica,JAM,Poverty headcount ratio at $5.50 a day (2011 PPP) (% of population),SI.POV.UMIC,,,,,,,,,,,,,,,,,,,,,,,,,,,,,46.2,,50.2,,,64.9,,,43.3,,,30.8,,,34,,29.7,,,,,,,,,,,,,,,
Jordan,JOR,Poverty headcount ratio at $5.50 a day (2011 PPP) (% of population),SI.POV.UMIC,,,,,,,,,,,,,,,,,,,,,,,,,,,23.8,,,,,,44.7,,,,,46.1,,,,,36.3,,,,25.1,,23.9,,18.1,,,,,,,,,
Japan,JPN,Poverty headcount ratio at $5.50 a day (2011 PPP) (% of population),SI.POV.UMIC,,,,,,,,,,,,,,,,,,,,,,,,,,,,,,,,,,,,,,,,,,,,,,,,,1,,,,,,,,,,,
Kazakhstan,KAZ,Poverty headcount ratio at $5.50 a day (2011 PPP) (% of population),SI.POV.UMIC,,,,,,,,,,,,,,,,,,,,,,,,,,,,,,,,,,,,,56.6,,,,,64.9,62,56.3,51.9,51.7,35.2,24,22,22.7,18.2,9.1,9.2,5.8,6.7,8.1,12.2,8.6,,
Kenya,KEN,Poverty headcount ratio at $5.50 a day (2011 PPP) (% of population),SI.POV.UMIC,,,,,,,,,,,,,,,,,,,,,,,,,,,,,,,,,76,,84.2,,,83.1,,,,,,,,88.2,,,,,,,,,,86.5,,,,
Kyrgyz Republic,KGZ,Poverty headcount ratio at $5.50 a day (2011 PPP) (% of population),SI.POV.UMIC,,,,,,,,,,,,,,,,,,,,,,,,,,,,,,,,,,,,,,,78.1,,94.2,94.3,93.3,93,77.6,82.9,70.2,71.1,63.8,63.1,66.1,66.3,69.3,69.5,66.7,70,67.2,66.4,,
Cambodia,KHM,Poverty headcount ratio at $5.50 a day (2011 PPP) (% of population),SI.POV.UMIC,,,,,,,,,,,,,,,,,,,,,,,,,,,,,,,,,,,,,,,,,,,,,,,,,,,,,,,,,,,,
Kiribati,KIR,Poverty headcount ratio at $5.50 a day (2011 PPP) (% of population),SI.POV.UMIC,,,,,,,,,,,,,,,,,,,,,,,,,,,,,,,,,,,,,,,,,,,,,,,69.4,,,,,,,,,,,,,
St. Kitts and Nevis,KNA,Poverty headcount ratio at $5.50 a day (2011 PPP) (% of population),SI.POV.UMIC,,,,,,,,,,,,,,,,,,,,,,,,,,,,,,,,,,,,,,,,,,,,,,,,,,,,,,,,,,,,
Korea Rep.,KOR,Poverty headcount ratio at $5.50 a day (2011 PPP) (% of population),SI.POV.UMIC,,,,,,,,,,,,,,,,,,,,,,,,,,,,,,,,,,,,,,,,,,,,,,,1.2,,1.2,,1.5,,1.2,,,,,,,
Kuwait,KWT,Poverty headcount ratio at $5.50 a day (2011 PPP) (% of population),SI.POV.UMIC,,,,,,,,,,,,,,,,,,,,,,,,,,,,,,,,,,,,,,,,,,,,,,,,,,,,,,,,,,,,
Latin America & Caribbean (excluding high income),LAC,Poverty headcount ratio at $5.50 a day (2011 PPP) (% of population),SI.POV.UMIC,,,,,,,,,,,,,,,,,,,,,,,,,,,,,,,,,,,,,,,,,,,,,,,,,,,,,,,,,,,,
Lao PDR,LAO,Poverty headcount ratio at $5.50 a day (2011 PPP) (% of population),SI.POV.UMIC,,,,,,,,,,,,,,,,,,,,,,,,,,,,,,,,,90.2,,,,,94.9,,,,,92.3,,,,,88.7,,,,,85,,,,,,,
Lebanon,LBN,Poverty headcount ratio at $5.50 a day (2011 PPP) (% of population),SI.POV.UMIC,,,,,,,,,,,,,,,,,,,,,,,,,,,,,,,,,,,,,,,,,,,,,,,,,,,,1.9,,,,,,,,
Liberia,LBR,Poverty headcount ratio at $5.50 a day (2011 PPP) (% of population),SI.POV.UMIC,,,,,,,,,,,,,,,,,,,,,,,,,,,,,,,,,,,,,,,,,,,,,,,,97.3,,,,,,,93,,92.2,,,
Libya,LBY,Poverty headcount ratio at $5.50 a day (2011 PPP) (% of population),SI.POV.UMIC,,,,,,,,,,,,,,,,,,,,,,,,,,,,,,,,,,,,,,,,,,,,,,,,,,,,,,,,,,,,
St. Lucia,LCA,Poverty headcount ratio at $5.50 a day (2011 PPP) (% of population),SI.POV.UMIC,,,,,,,,,,,,,,,,,,,,,,,,,,,,,,,,,,,,86,,,,,,,,,,,,,,,,,,,,,20.3,,,
Latin America & Caribbean,LCN,Poverty headcount ratio at $5.50 a day (2011 PPP) (% of population),SI.POV.UMIC,,,,,,,,,,,,,,,,,,,,,,46.7,,,51.3,,,47,,,49.3,,,49.1,,,48.1,,,47,,,45,,,40.9,,,33.2,,31,29.6,27.8,27.2,,26.3,,,,
Least developed countries: UN classification,LDC,Poverty headcount ratio at $5.50 a day (2011 PPP) (% of population),SI.POV.UMIC,,,,,,,,,,,,,,,,,,,,,,,,,,,,,,,,,,,,,,,,,,,,,,,,,,,,,,,,,,,,
Low income,LIC,Poverty headcount ratio at $5.50 a day (2011 PPP) (% of population),SI.POV.UMIC,,,,,,,,,,,,,,,,,,,,,,89.2,,,89.9,,,90.4,,,91.4,,,92.7,,,92,,,92.1,,,92,,,91.4,,,90.4,,89.2,89.3,89.1,89,,88.7,,,,
Liechtenstein,LIE,Poverty headcount ratio at $5.50 a day (2011 PPP) (% of population),SI.POV.UMIC,,,,,,,,,,,,,,,,,,,,,,,,,,,,,,,,,,,,,,,,,,,,,,,,,,,,,,,,,,,,
Sri Lanka,LKA,Poverty headcount ratio at $5.50 a day (2011 PPP) (% of population),SI.POV.UMIC,,,,,,,,,,,,,,,,,,,,,,,,,,81,,,,,80.6,,,,,75.2,,,,,,,68,,,,58.3,,,55.7,,,51,,,,40.4,,,
Lower middle income,LMC,Poverty headcount ratio at $5.50 a day (2011 PPP) (% of population),SI.POV.UMIC,,,,,,,,,,,,,,,,,,,,,,90.7,,,90.7,,,90.3,,,89.8,,,90.7,,,89.9,,,89.9,,,88.5,,,86.2,,,84.2,,81.4,79.5,78.3,76.9,,74.1,,,,
Low & middle income,LMY,Poverty headcount ratio at $5.50 a day (2011 PPP) (% of population),SI.POV.UMIC,,,,,,,,,,,,,,,,,,,,,,83,,,83.3,,,82.4,,,82.6,,,83.2,,,81.8,,,81.1,,,77.2,,,72.7,,,68,,64.7,62.5,60.7,58.1,,54.9,,,,
Lesotho,LSO,Poverty headcount ratio at $5.50 a day (2011 PPP) (% of population),SI.POV.UMIC,,,,,,,,,,,,,,,,,,,,,,,,,,,84.6,,,,,,,,77.8,,,,,,,,92,,,,,,,,89.9,,,,,,,,,
Late-demographic dividend,LTE,Poverty headcount ratio at $5.50 a day (2011 PPP) (% of population),SI.POV.UMIC,,,,,,,,,,,,,,,,,,,,,,,,,,,,,,,,,,,,,,,,,,,,,,,,,,,,,,,,,,,,
Lithuania,LTU,Poverty headcount ratio at $5.50 a day (2011 PPP) (% of population),SI.POV.UMIC,,,,,,,,,,,,,,,,,,,,,,,,,,,,,,,,,,71.3,,,,,,,,,,,19.2,12.2,7.2,4.6,4.7,9,8.4,5.5,5.6,5,5,4.2,,,,
Luxembourg,LUX,Poverty headcount ratio at $5.50 a day (2011 PPP) (% of population),SI.POV.UMIC,,,,,,,,,,,,,,,,,,,,,,,,,,,,,,,,,,,,,,,,,,,,0.5,0,0.2,0,0,0,0.2,0.2,0.2,0.2,0.1,0.2,0.5,,,,
Latvia,LVA,Poverty headcount ratio at $5.50 a day (2011 PPP) (% of population),SI.POV.UMIC,,,,,,,,,,,,,,,,,,,,,,,,,,,,,,,,,,30.4,,22.1,23.6,,,,,,,,15.2,14,7.7,5,6.2,9.5,9.5,8.7,7.5,6,5.5,4,,,,
Macao,MAC,Poverty headcount ratio at $5.50 a day (2011 PPP) (% of population),SI.POV.UMIC,,,,,,,,,,,,,,,,,,,,,,,,,,,,,,,,,,,,,,,,,,,,,,,,,,,,,,,,,,,,
St. Martin (French part),MAF,Poverty headcount ratio at $5.50 a day (2011 PPP) (% of population),SI.POV.UMIC,,,,,,,,,,,,,,,,,,,,,,,,,,,,,,,,,,,,,,,,,,,,,,,,,,,,,,,,,,,,
Morocco,MAR,Poverty headcount ratio at $5.50 a day (2011 PPP) (% of population),SI.POV.UMIC,,,,,,,,,,,,,,,,,,,,,,,,,68.1,,,,,,48.7,,,,,,,,59.3,,59.7,,,,,,48.1,,,,,,,31.3,,,,,,
Monaco,MCO,Poverty headcount ratio at $5.50 a day (2011 PPP) (% of population),SI.POV.UMIC,,,,,,,,,,,,,,,,,,,,,,,,,,,,,,,,,,,,,,,,,,,,,,,,,,,,,,,,,,,,
Moldova,MDA,Poverty headcount ratio at $5.50 a day (2011 PPP) (% of population),SI.POV.UMIC,,,,,,,,,,,,,,,,,,,,,,,,,,,,,,,,,,,,,,74.6,83.1,88.1,90.3,85.2,75.9,68.3,68.9,74.3,40.4,31.5,32.8,31.5,28.9,25.6,24.6,19.6,18.3,16.1,16.4,16.3,,
Madagascar,MDG,Poverty headcount ratio at $5.50 a day (2011 PPP) (% of population),SI.POV.UMIC,,,,,,,,,,,,,,,,,,,,,88.7,,,,,,,,,,,,,96.6,,,,96.9,,96.7,,94.4,,,,97.1,,,,,97.6,,97.3,,,,,,,
Maldives,MDV,Poverty headcount ratio at $5.50 a day (2011 PPP) (% of population),SI.POV.UMIC,,,,,,,,,,,,,,,,,,,,,,,,,,,,,,,,,,,,,,,,,,,75.2,,,,,,,54.3,,,,,,,,,,
Middle East & North Africa,MEA,Poverty headcount ratio at $5.50 a day (2011 PPP) (% of population),SI.POV.UMIC,,,,,,,,,,,,,,,,,,,,,,,,,62.4,,,61.9,,,59.1,,,60.5,,,60.8,,,54.4,,,52.6,,,49.6,,,46.7,,43.6,43,42.9,42.4,,42.1,,,,
Mexico,MEX,Poverty headcount ratio at $5.50 a day (2011 PPP) (% of population),SI.POV.UMIC,,,,,,,,,,,,,,,,,,,,,,,,,44,,,,,,,,43.7,,43.5,,54.1,,50.6,,45.1,,43.3,,39.2,41,33.7,,37.5,,37.1,,36.4,,40.5,,34.8,,,
Marshall Islands,MHL,Poverty headcount ratio at $5.50 a day (2011 PPP) (% of population),SI.POV.UMIC,,,,,,,,,,,,,,,,,,,,,,,,,,,,,,,,,,,,,,,,,,,,,,,,,,,,,,,,,,,,
Middle income,MIC,Poverty headcount ratio at $5.50 a day (2011 PPP) (% of population),SI.POV.UMIC,,,,,,,,,,,,,,,,,,,,,,,,,,,,,,,,,,,,,,,,,,,,,,,,,,,,,,,,,,,,
North Macedonia,MKD,Poverty headcount ratio at $5.50 a day (2011 PPP) (% of population),SI.POV.UMIC,,,,,,,,,,,,,,,,,,,,,,,,,,,,,,,,,,,,,,,,,,,,,,,,,,35.1,32.4,31.3,29.2,28.2,24.3,23.1,,,,
Mali,MLI,Poverty headcount ratio at $5.50 a day (2011 PPP) (% of population),SI.POV.UMIC,,,,,,,,,,,,,,,,,,,,,,,,,,,,,,,,,,,97.7,,,,,,,95,,,,,92.2,,,94.9,,,,,,,,,,
Malta,MLT,Poverty headcount ratio at $5.50 a day (2011 PPP) (% of population),SI.POV.UMIC,,,,,,,,,,,,,,,,,,,,,,,,,,,,,,,,,,,,,,,,,,,,,,,0.7,1,0.5,0.7,0.5,0.5,0.5,0.2,0,0.2,,,,
Myanmar,MMR,Poverty headcount ratio at $5.50 a day (2011 PPP) (% of population),SI.POV.UMIC,,,,,,,,,,,,,,,,,,,,,,,,,,,,,,,,,,,,,,,,,,,,,,,,,,,,,,,,67.2,,,,
Middle East & North Africa (excluding high income),MNA,Poverty headcount ratio at $5.50 a day (2011 PPP) (% of population),SI.POV.UMIC,,,,,,,,,,,,,,,,,,,,,,,,,,,,,,,,,,,,,,,,,,,,,,,,,,,,,,,,,,,,
Montenegro,MNE,Poverty headcount ratio at $5.50 a day (2011 PPP) (% of population),SI.POV.UMIC,,,,,,,,,,,,,,,,,,,,,,,,,,,,,,,,,,,,,,,,,,,,,,10,9.1,5.8,3.3,5.2,4.5,6.6,8.7,10,4.8,,,,,
Mongolia,MNG,Poverty headcount ratio at $5.50 a day (2011 PPP) (% of population),SI.POV.UMIC,,,,,,,,,,,,,,,,,,,,,,,,,,,,,,,,,,,,71.2,,,90.1,,,,67.9,,,,,41.1,,,38.4,32.9,24.5,,18.9,,32,,,
Northern Mariana Islands,MNP,Poverty headcount ratio at $5.50 a day (2011 PPP) (% of population),SI.POV.UMIC,,,,,,,,,,,,,,,,,,,,,,,,,,,,,,,,,,,,,,,,,,,,,,,,,,,,,,,,,,,,
Mozambique,MOZ,Poverty headcount ratio at $5.50 a day (2011 PPP) (% of population),SI.POV.UMIC,,,,,,,,,,,,,,,,,,,,,,,,,,,,,,,,,,,,,96.8,,,,,,97,,,,,,96.2,,,,,,91.8,,,,,
Mauritania,MRT,Poverty headcount ratio at $5.50 a day (2011 PPP) (% of population),SI.POV.UMIC,,,,,,,,,,,,,,,,,,,,,,,,,,,,86.7,,,,,,88.5,,78.8,,,,,74.6,,,,74.9,,,,64.7,,,,,,58.8,,,,,
Mauritius,MUS,Poverty headcount ratio at $5.50 a day (2011 PPP) (% of population),SI.POV.UMIC,,,,,,,,,,,,,,,,,,,,,,,,,,,,,,,,,,,,,,,,,,,,,,,20.3,,,,,,18.1,,,,,,,
Malawi,MWI,Poverty headcount ratio at $5.50 a day (2011 PPP) (% of population),SI.POV.UMIC,,,,,,,,,,,,,,,,,,,,,,,,,,,,,,,,,,,,,,93.6,,,,,,,97.1,,,,,,96.2,,,,,,96.7,,,
Malaysia,MYS,Poverty headcount ratio at $5.50 a day (2011 PPP) (% of population),SI.POV.UMIC,,,,,,,,,,,,,,,,,,,,,,,,,32.2,,,32.8,,32.4,,,30.3,,,29.4,,21.8,,,,,,,12.1,,,14.3,16.7,,,8.6,,4,,2.7,,,,
North America,NAC,Poverty headcount ratio at $5.50 a day (2011 PPP) (% of population),SI.POV.UMIC,,,,,,,,,,,,,,,,,,,,,,,,,,,,,,,,,,,,,,,,,,,,,,,,,,,,,,,,,,,,
Namibia,NAM,Poverty headcount ratio at $5.50 a day (2011 PPP) (% of population),SI.POV.UMIC,,,,,,,,,,,,,,,,,,,,,,,,,,,,,,,,,,,,,,,,,,,,73.2,,,,,,67.3,,,,,,50.1,,,,
New Caledonia,NCL,Poverty headcount ratio at $5.50 a day (2011 PPP) (% of population),SI.POV.UMIC,,,,,,,,,,,,,,,,,,,,,,,,,,,,,,,,,,,,,,,,,,,,,,,,,,,,,,,,,,,,
Niger,NER,Poverty headcount ratio at $5.50 a day (2011 PPP) (% of population),SI.POV.UMIC,,,,,,,,,,,,,,,,,,,,,,,,,,,,,,,,,98.3,,98.3,,,,,,,,,,,97.1,,96.7,,,,95.8,,,93.4,,,,,
Nigeria,NGA,Poverty headcount ratio at $5.50 a day (2011 PPP) (% of population),SI.POV.UMIC,,,,,,,,,,,,,,,,,,,,,,,,,,93.5,,,,,,,92.5,,,,92.8,,,,,,,94.1,,,,,,92.1,,,,,,,,,,
Nicaragua,NIC,Poverty headcount ratio at $5.50 a day (2011 PPP) (% of population),SI.POV.UMIC,,,,,,,,,,,,,,,,,,,,,,,,,,,,,,,,,,74.4,,,,,69.5,,,62.6,,,,53.7,,,,49.8,,,,,34.8,,,,,
Netherlands,NLD,Poverty headcount ratio at $5.50 a day (2011 PPP) (% of population),SI.POV.UMIC,,,,,,,,,,,,,,,,,,,,,,,,,,,,,,,,,,,,,,,,,,,,,0.7,0.5,0.2,0.2,0.5,0.2,0.2,0.2,0.2,0.2,0.5,0.5,,,,
Norway,NOR,Poverty headcount ratio at $5.50 a day (2011 PPP) (% of population),SI.POV.UMIC,,,,,,,,,,,,,,,,,,,,,,,,,,,,,,,,,,,,,,,,,,,,0.2,0.5,0.5,0.5,0.5,0.5,0.2,0.2,0.2,0.2,0.2,0.2,0.2,,,,
Nepal,NPL,Poverty headcount ratio at $5.50 a day (2011 PPP) (% of population),SI.POV.UMIC,,,,,,,,,,,,,,,,,,,,,,,,,,,,,,,,,,,,96.6,,,,,,,,89.7,,,,,,,83,,,,,,,,,
Nauru,NRU,Poverty headcount ratio at $5.50 a day (2011 PPP) (% of population),SI.POV.UMIC,,,,,,,,,,,,,,,,,,,,,,,,,,,,,,,,,,,,,,,,,,,,,,,,,,,,,,,,,,,,
New Zealand,NZL,Poverty headcount ratio at $5.50 a day (2011 PPP) (% of population),SI.POV.UMIC,,,,,,,,,,,,,,,,,,,,,,,,,,,,,,,,,,,,,,,,,,,,,,,,,,,,,,,,,,,,
OECD members,OED,Poverty headcount ratio at $5.50 a day (2011 PPP) (% of population),SI.POV.UMIC,,,,,,,,,,,,,,,,,,,,,,,,,,,,,,,,,,,,,,,,,,,,,,,,,,,,,,,,,,,,
Oman,OMN,Poverty headcount ratio at $5.50 a day (2011 PPP) (% of population),SI.POV.UMIC,,,,,,,,,,,,,,,,,,,,,,,,,,,,,,,,,,,,,,,,,,,,,,,,,,,,,,,,,,,,
Other small states,OSS,Poverty headcount ratio at $5.50 a day (2011 PPP) (% of population),SI.POV.UMIC,,,,,,,,,,,,,,,,,,,,,,,,,,,,,,,,,,,,,,,,,,,,,,,,,,,,,,,,,,,,
Pakistan,PAK,Poverty headcount ratio at $5.50 a day (2011 PPP) (% of population),SI.POV.UMIC,,,,,,,,,,,,,,,,,,,,,,,,,,,,96.7,,,96.9,,,,,,91,,90.1,,,93.1,,,87.4,87.8,,86.1,,,85,83.4,,79.5,,75.4,,,,
Panama,PAN,Poverty headcount ratio at $5.50 a day (2011 PPP) (% of population),SI.POV.UMIC,,,,,,,,,,,,,,,,,,,,40,,,,,,,,,,50.3,,48.3,,,,39.4,,39.2,38.9,37,35.5,40.5,37.6,36.1,35,34.8,34,30.6,23.3,23,21.8,18.5,18.9,18.2,16.9,15.4,14.6,14.1,,
Peru,PER,Poverty headcount ratio at $5.50 a day (2011 PPP) (% of population),SI.POV.UMIC,,,,,,,,,,,,,,,,,,,,,,,,,,,,,,,,,,,,,,53.6,53.2,53.5,52.5,55,50.4,49.8,49.7,52.1,46.4,41.1,37.4,35.3,31.2,29.3,26.7,26,25.1,24.2,24.3,23.9,,
Philippines,PHL,Poverty headcount ratio at $5.50 a day (2011 PPP) (% of population),SI.POV.UMIC,,,,,,,,,,,,,,,,,,,,,,,,,,82.7,,,80,,,78.3,,,77.2,,,69.2,,,71.2,,,69.2,,,68.4,,,66.3,,,67,,,63.2,,,,
Palau,PLW,Poverty headcount ratio at $5.50 a day (2011 PPP) (% of population),SI.POV.UMIC,,,,,,,,,,,,,,,,,,,,,,,,,,,,,,,,,,,,,,,,,,,,,,,,,,,,,,,,,,,,
Papua New Guinea,PNG,Poverty headcount ratio at $5.50 a day (2011 PPP) (% of population),SI.POV.UMIC,,,,,,,,,,,,,,,,,,,,,,,,,,,,,,,,,,,,,85.3,,,,,,,,,,,,,86.9,,,,,,,,,,
Poland,POL,Poverty headcount ratio at $5.50 a day (2011 PPP) (% of population),SI.POV.UMIC,,,,,,,,,,,,,,,,,,,,,,,,,,,,,,,,,,25.4,,,58.3,,9.5,10.7,11.2,11.8,12.6,10.8,10.1,11.9,9.1,7,5.4,4.8,4.7,4.9,4.7,4.6,4.2,3.6,2.1,,,
Pre-demographic dividend,PRE,Poverty headcount ratio at $5.50 a day (2011 PPP) (% of population),SI.POV.UMIC,,,,,,,,,,,,,,,,,,,,,,,,,,,,,,,,,,,,,,,,,,,,,,,,,,,,,,,,,,,,
Puerto Rico,PRI,Poverty headcount ratio at $5.50 a day (2011 PPP) (% of population),SI.POV.UMIC,,,,,,,,,,,,,,,,,,,,,,,,,,,,,,,,,,,,,,,,,,,,,,,,,,,,,,,,,,,,
Korea Dem. People’s Rep.,PRK,Poverty headcount ratio at $5.50 a day (2011 PPP) (% of population),SI.POV.UMIC,,,,,,,,,,,,,,,,,,,,,,,,,,,,,,,,,,,,,,,,,,,,,,,,,,,,,,,,,,,,
Portugal,PRT,Poverty headcount ratio at $5.50 a day (2011 PPP) (% of population),SI.POV.UMIC,,,,,,,,,,,,,,,,,,,,,,,,,,,,,,,,,,,,,,,,,,,,3.2,2.7,2.7,2.2,1.7,2.2,1.5,2,2.7,4.5,4.5,3.7,3,,,,
Paraguay,PRY,Poverty headcount ratio at $5.50 a day (2011 PPP) (% of population),SI.POV.UMIC,,,,,,,,,,,,,,,,,,,,,,,,,,,,,,,18.3,,,,,40.3,,35.3,,37.2,,36.2,47.4,40.5,38.5,35,39.5,36.1,33,31.9,30,28.3,23.5,20.4,19.3,20,20.1,18.6,,
West Bank and Gaza,PSE,Poverty headcount ratio at $5.50 a day (2011 PPP) (% of population),SI.POV.UMIC,,,,,,,,,,,,,,,,,,,,,,,,,,,,,,,,,,,,,,,,,,,,,26.4,24.7,23.3,30.9,,20.9,21.9,20.7,,,,,23.6,,,
Pacific island small states,PSS,Poverty headcount ratio at $5.50 a day (2011 PPP) (% of population),SI.POV.UMIC,,,,,,,,,,,,,,,,,,,,,,,,,,,,,,,,,,,,,,,,,,,,,,,,,,,,,,,,,,,,
Post-demographic dividend,PST,Poverty headcount ratio at $5.50 a day (2011 PPP) (% of population),SI.POV.UMIC,,,,,,,,,,,,,,,,,,,,,,,,,,,,,,,,,,,,,,,,,,,,,,,,,,,,,,,,,,,,
French Polynesia,PYF,Poverty headcount ratio at $5.50 a day (2011 PPP) (% of population),SI.POV.UMIC,,,,,,,,,,,,,,,,,,,,,,,,,,,,,,,,,,,,,,,,,,,,,,,,,,,,,,,,,,,,
Qatar,QAT,Poverty headcount ratio at $5.50 a day (2011 PPP) (% of population),SI.POV.UMIC,,,,,,,,,,,,,,,,,,,,,,,,,,,,,,,,,,,,,,,,,,,,,,,,,,,,,,,,,,,,
Romania,ROU,Poverty headcount ratio at $5.50 a day (2011 PPP) (% of population),SI.POV.UMIC,,,,,,,,,,,,,,,,,,,,,,,,,,,,,,3.2,,,18.1,,82.6,,,,,,,,,,,,40.2,33.7,27,25.7,28,31.5,31.5,31.2,28.5,25.7,,,,
Russian Federation,RUS,Poverty headcount ratio at $5.50 a day (2011 PPP) (% of population),SI.POV.UMIC,,,,,,,,,,,,,,,,,,,,,,,,,,,,,,,,,,26.3,,,26.1,21.1,26.2,37.3,32.1,25.4,20.8,19.8,17.4,14.7,11.6,8.3,5.2,4.9,4,3.2,2.9,2.5,2.4,2.7,,,,
Rwanda,RWA,Poverty headcount ratio at $5.50 a day (2011 PPP) (% of population),SI.POV.UMIC,,,,,,,,,,,,,,,,,,,,,,,,,97.7,,,,,,,,,,,,,,,,95.8,,,,,93.6,,,,,93,,,92.4,,,91.6,,,
South Asia,SAS,Poverty headcount ratio at $5.50 a day (2011 PPP) (% of population),SI.POV.UMIC,,,,,,,,,,,,,,,,,,,,,,96.5,,,96.1,,,95.6,,,95.3,,,95,,,93.9,,,,,,92.8,,,91,,,89.8,,88.5,86.4,85.3,84.2,,,,,,
Saudi Arabia,SAU,Poverty headcount ratio at $5.50 a day (2011 PPP) (% of population),SI.POV.UMIC,,,,,,,,,,,,,,,,,,,,,,,,,,,,,,,,,,,,,,,,,,,,,,,,,,,,,,,,,,,,
Sudan,SDN,Poverty headcount ratio at $5.50 a day (2011 PPP) (% of population),SI.POV.UMIC,,,,,,,,,,,,,,,,,,,,,,,,,,,,,,,,,,,,,,,,,,,,,,,,,,73.2,,,,,,,,,,
Senegal,SEN,Poverty headcount ratio at $5.50 a day (2011 PPP) (% of population),SI.POV.UMIC,,,,,,,,,,,,,,,,,,,,,,,,,,,,,,,,93.6,,,94.7,,,,,,,91.7,,,,88.6,,,,,,88.1,,,,,,,,
Singapore,SGP,Poverty headcount ratio at $5.50 a day (2011 PPP) (% of population),SI.POV.UMIC,,,,,,,,,,,,,,,,,,,,,,,,,,,,,,,,,,,,,,,,,,,,,,,,,,,,,,,,,,,,
Solomon Islands,SLB,Poverty headcount ratio at $5.50 a day (2011 PPP) (% of population),SI.POV.UMIC,,,,,,,,,,,,,,,,,,,,,,,,,,,,,,,,,,,,,,,,,,,,,,87.3,,,,,,,,84.7,,,,,,
Sierra Leone,SLE,Poverty headcount ratio at $5.50 a day (2011 PPP) (% of population),SI.POV.UMIC,,,,,,,,,,,,,,,,,,,,,,,,,,,,,,92.2,,,,,,,,,,,,,,93.7,,,,,,,,94.7,,,,,,,,
El Salvador,SLV,Poverty headcount ratio at $5.50 a day (2011 PPP) (% of population),SI.POV.UMIC,,,,,,,,,,,,,,,,,,,,,,,,,,,,,,51.7,,60.1,,,,50.9,52.6,,52.2,49.9,44.6,46.2,46.5,47.2,45,45.1,42.4,39.2,43.4,42.2,41.3,41.3,38.9,35,34.9,31.8,30.7,29,,
San Marino,SMR,Poverty headcount ratio at $5.50 a day (2011 PPP) (% of population),SI.POV.UMIC,,,,,,,,,,,,,,,,,,,,,,,,,,,,,,,,,,,,,,,,,,,,,,,,,,,,,,,,,,,,
Somalia,SOM,Poverty headcount ratio at $5.50 a day (2011 PPP) (% of population),SI.POV.UMIC,,,,,,,,,,,,,,,,,,,,,,,,,,,,,,,,,,,,,,,,,,,,,,,,,,,,,,,,,,,,
Serbia,SRB,Poverty headcount ratio at $5.50 a day (2011 PPP) (% of population),SI.POV.UMIC,,,,,,,,,,,,,,,,,,,,,,,,,,,,,,,,,,,,,,,,,,,10.2,12.6,18.5,17.1,11.6,10.2,8.5,9.6,12.5,,,12.4,,7.4,,,,
Sub-Saharan Africa (excluding high income),SSA,Poverty headcount ratio at $5.50 a day (2011 PPP) (% of population),SI.POV.UMIC,,,,,,,,,,,,,,,,,,,,,,,,,,,,,,,,,,,,,,,,,,,,,,,,,,,,,,,,,,,,
South Sudan,SSD,Poverty headcount ratio at $5.50 a day (2011 PPP) (% of population),SI.POV.UMIC,,,,,,,,,,,,,,,,,,,,,,,,,,,,,,,,,,,,,,,,,,,,,,,,,,84.8,,,,,,,,,,
Sub-Saharan Africa,SSF,Poverty headcount ratio at $5.50 a day (2011 PPP) (% of population),SI.POV.UMIC,,,,,,,,,,,,,,,,,,,,,,,,,,,,,,,88.7,,,90.8,,,90.4,,,90.7,,,90.5,,,89.8,,,88.2,,87.5,86.9,86,85.4,,84.5,,,,
Small states,SST,Poverty headcount ratio at $5.50 a day (2011 PPP) (% of population),SI.POV.UMIC,,,,,,,,,,,,,,,,,,,,,,,,,,,,,,,,,,,,,,,,,,,,,,,,,,,,,,,,,,,,
Sao Tome and Principe,STP,Poverty headcount ratio at $5.50 a day (2011 PPP) (% of population),SI.POV.UMIC,,,,,,,,,,,,,,,,,,,,,,,,,,,,,,,,,,,,,,,,,89.8,,,,,,,,,,92.3,,,,,,,,,
Suriname,SUR,Poverty headcount ratio at $5.50 a day (2011 PPP) (% of population),SI.POV.UMIC,,,,,,,,,,,,,,,,,,,,,,,,,,,,,,,,,,,,,,,,55.7,,,,,,,,,,,,,,,,,,,,
Slovak Republic,SVK,Poverty headcount ratio at $5.50 a day (2011 PPP) (% of population),SI.POV.UMIC,,,,,,,,,,,,,,,,,,,,,,,,,,,,,,,,,,,,,6.1,,,,,,,,5.2,3.2,2.2,2,2.2,2.5,2.2,2.2,3,3,3.5,3,,,,
Slovenia,SVN,Poverty headcount ratio at $5.50 a day (2011 PPP) (% of population),SI.POV.UMIC,,,,,,,,,,,,,,,,,,,,,,,,,,,,,,,,,,0.6,,,,,,,,,,,0.5,0.5,0.2,0.2,0,0.2,0,0.2,0.2,0.2,0.2,0.2,,,,
Sweden,SWE,Poverty headcount ratio at $5.50 a day (2011 PPP) (% of population),SI.POV.UMIC,,,,,,,,,,,,,,,,,,,,,,,,,,,,,,,,,,,,,,,,,,,,0.7,0.7,1.7,0.7,0.7,1,1,1.2,1,1,1.2,0.9,1,,,,
Eswatini,SWZ,Poverty headcount ratio at $5.50 a day (2011 PPP) (% of population),SI.POV.UMIC,,,,,,,,,,,,,,,,,,,,,,,,,,,,,,,,,,,97,,,,,,85.1,,,,,,,,,82,,,,,,,,,,
Sint Maarten (Dutch part),SXM,Poverty headcount ratio at $5.50 a day (2011 PPP) (% of population),SI.POV.UMIC,,,,,,,,,,,,,,,,,,,,,,,,,,,,,,,,,,,,,,,,,,,,,,,,,,,,,,,,,,,,
Seychelles,SYC,Poverty headcount ratio at $5.50 a day (2011 PPP) (% of population),SI.POV.UMIC,,,,,,,,,,,,,,,,,,,,,,,,,,,,,,,,,,,,,,,,,,,,,,,,,,,,,,6.6,,,,,,
Syrian Arab Republic,SYR,Poverty headcount ratio at $5.50 a day (2011 PPP) (% of population),SI.POV.UMIC,,,,,,,,,,,,,,,,,,,,,,,,,,,,,,,,,,,,,,,,,,,,,50.4,,,,,,,,,,,,,,,
Turks and Caicos Islands,TCA,Poverty headcount ratio at $5.50 a day (2011 PPP) (% of population),SI.POV.UMIC,,,,,,,,,,,,,,,,,,,,,,,,,,,,,,,,,,,,,,,,,,,,,,,,,,,,,,,,,,,,
Chad,TCD,Poverty headcount ratio at $5.50 a day (2011 PPP) (% of population),SI.POV.UMIC,,,,,,,,,,,,,,,,,,,,,,,,,,,,,,,,,,,,,,,,,,,,96,,,,,,,,86.2,,,,,,,,
East Asia & Pacific (IDA & IBRD countries),TEA,Poverty headcount ratio at $5.50 a day (2011 PPP) (% of population),SI.POV.UMIC,,,,,,,,,,,,,,,,,,,,,,,,,,,,,,,,,,,,,,,,,,,,,,,,,,,,,,,,,,,,
Europe & Central Asia (IDA & IBRD countries),TEC,Poverty headcount ratio at $5.50 a day (2011 PPP) (% of population),SI.POV.UMIC,,,,,,,,,,,,,,,,,,,,,,,,,,,,,,,,,,,,,,,,,,,,,,,,,,,,,,,,,,,,
Togo,TGO,Poverty headcount ratio at $5.50 a day (2011 PPP) (% of population),SI.POV.UMIC,,,,,,,,,,,,,,,,,,,,,,,,,,,,,,,,,,,,,,,,,,,,,,,91.5,,,,,90.1,,,,90.1,,,,
Thailand,THA,Poverty headcount ratio at $5.50 a day (2011 PPP) (% of population),SI.POV.UMIC,,,,,,,,,,,,,,,,,,,,,,69.6,,,,,,,68.5,,64.7,,58,,50.9,,45.4,,44.3,48.3,48.9,,40.1,,33.9,,27.1,24.8,23,20.3,17.8,13.7,13.7,11.6,10.6,7.1,8.4,7.8,,
Tajikistan,TJK,Poverty headcount ratio at $5.50 a day (2011 PPP) (% of population),SI.POV.UMIC,,,,,,,,,,,,,,,,,,,,,,,,,,,,,,,,,,,,,,,,98.1,,,,90.7,80.6,,,74,,63.6,,,,,,54.2,,,,
Turkmenistan,TKM,Poverty headcount ratio at $5.50 a day (2011 PPP) (% of population),SI.POV.UMIC,,,,,,,,,,,,,,,,,,,,,,,,,,,,,,,,,,,,,,,92.5,,,,,,,,,,,,,,,,,,,,,
Latin America & the Caribbean (IDA & IBRD countries),TLA,Poverty headcount ratio at $5.50 a day (2011 PPP) (% of population),SI.POV.UMIC,,,,,,,,,,,,,,,,,,,,,,,,,,,,,,,,,,,,,,,,,,,,,,,,,,,,,,,,,,,,
Timor-Leste,TLS,Poverty headcount ratio at $5.50 a day (2011 PPP) (% of population),SI.POV.UMIC,,,,,,,,,,,,,,,,,,,,,,,,,,,,,,,,,,,,,,,,,,93.2,,,,,,97.6,,,,,,,94,,,,,
Middle East & North Africa (IDA & IBRD countries),TMN,Poverty headcount ratio at $5.50 a day (2011 PPP) (% of population),SI.POV.UMIC,,,,,,,,,,,,,,,,,,,,,,,,,,,,,,,,,,,,,,,,,,,,,,,,,,,,,,,,,,,,
Tonga,TON,Poverty headcount ratio at $5.50 a day (2011 PPP) (% of population),SI.POV.UMIC,,,,,,,,,,,,,,,,,,,,,,,,,,,,,,,,,,,,,,,,,,29.2,,,,,,,,31.9,,,,,,27.5,,,,
South Asia (IDA & IBRD),TSA,Poverty headcount ratio at $5.50 a day (2011 PPP) (% of population),SI.POV.UMIC,,,,,,,,,,,,,,,,,,,,,,,,,,,,,,,,,,,,,,,,,,,,,,,,,,,,,,,,,,,,
Sub-Saharan Africa (IDA & IBRD countries),TSS,Poverty headcount ratio at $5.50 a day (2011 PPP) (% of population),SI.POV.UMIC,,,,,,,,,,,,,,,,,,,,,,,,,,,,,,,,,,,,,,,,,,,,,,,,,,,,,,,,,,,,
Trinidad and Tobago,TTO,Poverty headcount ratio at $5.50 a day (2011 PPP) (% of population),SI.POV.UMIC,,,,,,,,,,,,,,,,,,,,,,,,,,,,,22.3,,,,32.9,,,,,,,,,,,,,,,,,,,,,,,,,,,
Tunisia,TUN,Poverty headcount ratio at $5.50 a day (2011 PPP) (% of population),SI.POV.UMIC,,,,,,,,,,,,,,,,,,,,,,,,,,66.7,,,,,59.4,,,,,60,,,,,50.4,,,,,41.2,,,,,30.3,,,,,18.3,,,,
Turkey,TUR,Poverty headcount ratio at $5.50 a day (2011 PPP) (% of population),SI.POV.UMIC,,,,,,,,,,,,,,,,,,,,,,,,,,,,40.6,,,,,,,39.1,,,,,,,,35,38.5,28.1,25.7,23.2,19.8,16.9,16.7,15.9,13.6,13,11.4,10.5,11.5,9.9,,,
Tuvalu,TUV,Poverty headcount ratio at $5.50 a day (2011 PPP) (% of population),SI.POV.UMIC,,,,,,,,,,,,,,,,,,,,,,,,,,,,,,,,,,,,,,,,,,,,,,,,,,,46.7,,,,,,,,,
Tanzania,TZA,Poverty headcount ratio at $5.50 a day (2011 PPP) (% of population),SI.POV.UMIC,,,,,,,,,,,,,,,,,,,,,,,,,,,,,,,,98.2,,,,,,,,,99.4,,,,,,,94.8,,,,93.1,,,,,,,,
Uganda,UGA,Poverty headcount ratio at $5.50 a day (2011 PPP) (% of population),SI.POV.UMIC,,,,,,,,,,,,,,,,,,,,,,,,,,,,,,93.2,,,95.8,,,,95.3,,,95.2,,,94.2,,,92.5,,,,89.2,,,87.1,,,,87.8,,,
Ukraine,UKR,Poverty headcount ratio at $5.50 a day (2011 PPP) (% of population),SI.POV.UMIC,,,,,,,,,,,,,,,,,,,,,,,,,,,,,,,,,41.3,42.6,,48.7,57.5,,,,,,47.3,37.8,29.5,19,15.2,14.6,8.3,9.8,6.1,5.7,4.1,3.3,3.6,7.8,6.4,,,
Upper middle income,UMC,Poverty headcount ratio at $5.50 a day (2011 PPP) (% of population),SI.POV.UMIC,,,,,,,,,,,,,,,,,,,,,,75.4,,,75.6,,,74,,,74.6,,,74.6,,,72.1,,,70.4,,,62.9,,,54.7,,,45.7,,40.8,37.6,34.4,29.7,,24.4,,,,
Uruguay,URY,Poverty headcount ratio at $5.50 a day (2011 PPP) (% of population),SI.POV.UMIC,,,,,,,,,,,,,,,,,,,,,,13.2,,,,,,,,9.8,,,,,,,,,,,,,,,,,17.1,15,10.6,9.9,8.7,6,5.5,5,4.3,4,3.7,2.9,,
United States,USA,Poverty headcount ratio at $5.50 a day (2011 PPP) (% of population),SI.POV.UMIC,,,,,,,,,,,,,,,,,,,,1.2,,,,,,,1.2,,,,,1.5,,,1.5,,,1.5,,,1.5,,,,2,,,1.7,,,2,,,2,,,2,,,
Uzbekistan,UZB,Poverty headcount ratio at $5.50 a day (2011 PPP) (% of population),SI.POV.UMIC,,,,,,,,,,,,,,,,,,,,,,,,,,,,,,,,,,,,,,,87.3,,96.5,,96.1,96.4,,,,,,,,,,,,,,,,
St. Vincent and the Grenadines,VCT,Poverty headcount ratio at $5.50 a day (2011 PPP) (% of population),SI.POV.UMIC,,,,,,,,,,,,,,,,,,,,,,,,,,,,,,,,,,,,,,,,,,,,,,,,,,,,,,,,,,,,
Venezuela,VEN,Poverty headcount ratio at $5.50 a day (2011 PPP) (% of population),SI.POV.UMIC,,,,,,,,,,,,,,,,,,,,,,33.7,,,,,,36.5,,28.9,,,28.5,,,45.1,,,44.7,47.6,,45.8,55.9,62.5,57.2,48.8,35.6,,,,,,,,,,,,,
British Virgin Islands,VGB,Poverty headcount ratio at $5.50 a day (2011 PPP) (% of population),SI.POV.UMIC,,,,,,,,,,,,,,,,,,,,,,,,,,,,,,,,,,,,,,,,,,,,,,,,,,,,,,,,,,,,
Virgin Islands (U.S.),VIR,Poverty headcount ratio at $5.50 a day (2011 PPP) (% of population),SI.POV.UMIC,,,,,,,,,,,,,,,,,,,,,,,,,,,,,,,,,,,,,,,,,,,,,,,,,,,,,,,,,,,,
Vietnam,VNM,Poverty headcount ratio at $5.50 a day (2011 PPP) (% of population),SI.POV.UMIC,,,,,,,,,,,,,,,,,,,,,,,,,,,,,,,,,94.4,,,,,,90,,,,89.2,,84.7,,80.6,,78.4,,47.7,,41.5,,35.9,,29,,,
Vanuatu,VUT,Poverty headcount ratio at $5.50 a day (2011 PPP) (% of population),SI.POV.UMIC,,,,,,,,,,,,,,,,,,,,,,,,,,,,,,,,,,,,,,,,,,,,,,,,,,,72.3,,,,,,,,,
World,WLD,Poverty headcount ratio at $5.50 a day (2011 PPP) (% of population),SI.POV.UMIC,,,,,,,,,,,,,,,,,,,,,,66.2,,,66.8,,,66.6,,,67.1,,,68.1,,,67.4,,,66.9,,,64.1,,,60.4,,,56.6,,53.9,52.2,50.8,48.7,,46,,,,
Samoa,WSM,Poverty headcount ratio at $5.50 a day (2011 PPP) (% of population),SI.POV.UMIC,,,,,,,,,,,,,,,,,,,,,,,,,,,,,,,,,,,,,,,,,,,36.6,,,,,,35.9,,,,,33.9,,,,,,
Kosovo,XKX,Poverty headcount ratio at $5.50 a day (2011 PPP) (% of population),SI.POV.UMIC,,,,,,,,,,,,,,,,,,,,,,,,,,,,,,,,,,,,,,,,,,,,54.7,,53.9,55,,,44.7,45.3,41.1,27.6,23.1,25.3,21.4,20.7,21.6,,
Yemen,YEM,Poverty headcount ratio at $5.50 a day (2011 PPP) (% of population),SI.POV.UMIC,,,,,,,,,,,,,,,,,,,,,,,,,,,,,,,,,,,,,,,61.7,,,,,,,76.6,,,,,,,,,81.6,,,,,
South Africa,ZAF,Poverty headcount ratio at $5.50 a day (2011 PPP) (% of population),SI.POV.UMIC,,,,,,,,,,,,,,,,,,,,,,,,,,,,,,,,,,67.1,,,71.2,,,,70.4,,,,,67.9,,,57.9,,56.2,,,,57.1,,,,,
Zambia,ZMB,Poverty headcount ratio at $5.50 a day (2011 PPP) (% of population),SI.POV.UMIC,,,,,,,,,,,,,,,,,,,,,,,,,,,,,,,,84.2,,88.2,,,83.9,,84.5,,,,92.4,,88.5,,89.8,,,,90.5,,,,,87.2,,,,
Zimbabwe,ZWE,Poverty headcount ratio at $5.50 a day (2011 PPP) (% of population),SI.POV.UMIC,,,,,,,,,,,,,,,,,,,,,,,,,,,,,,,,,,,,,,,,,,,,,,,,,,,,74,,,,,,,,
